"CompoundID","CD_Name","mf","mw","cyc_id","cyc_name","Smiles","Links","EC.","Reaction","cyc_TERM","Pathway"
"Compound_0017","(1R_2S)-1-Hydroxypropane-1_2_3-tricarboxylate","C6H8O7","192.026160","CPD-13907","dehydroascorbate (bicyclic form)","C2(=O)(O[C@H]1([C@](O)(OC[C@H](O)1)[C@](O)(O)2))","PUBCHEM:90659000","RXN-12861 | RXN-12862","dehydroascorbate (bicyclic form)  ->  2,3-dioxo-L-gulonate + H+ | L-dehydro-ascorbate + H2O  ->  dehydroascorbate (bicyclic form)","PWY-6959","L-ascorbate degradation V"
"Compound_0029","(24R_24'R)-Fucosterolepoxide","C29H48O2","428.363380","CPD-12907","4alpha-hydroxymethyl-ergosta-7,24(241)-dien-3beta-ol","CC(C)C(CC[C@@H](C)[C@H]3(CC[C@H]4(C1([C@@H]([C@@]2(C)(CC[C@H](O)[C@@H](CO)[C@H](CC=1)2))CC[C@](C)34))))=C","PUBCHEM:102515391*PUBCHEM:50986222","RXN-11931 | RXN-11930","4alpha-hydroxymethyl-ergosta-7,24(241)-dien-3beta-ol + 2 a ferrocytochrome b5 + oxygen + 2 H+  ->  4alpha-formyl-ergosta-7,24(241)-dien-3beta-ol + 2 a ferricytochrome b5 + 2 H2O | 24-methylidenelophenol + 2 a ferrocytochrome b5 + oxygen + 2 H+  ->  4alpha-hydroxymethyl-ergosta-7,24(241)-dien-3beta-ol + 2 a ferricytochrome b5 + H2O","PWY-2541","phytosterol biosynthesis (plants)"
"Compound_0042","(2Z,4E)-2-hydroxymuconic acid-isoform1","C6H6O5","158.020810","2K-ADIPATE","2-oxoadipate","C(CC(=O)C(=O)[O-])CC(=O)[O-]","REFMET:Oxoadipic acid*METABOLIGHTS:MTBLC57499*HMDB:HMDB00225*CHEMSPIDER:19951093*CHEBI:57499*PUBCHEM:23615192*LIGAND-CPD:C00322*CAS:3184-35-8","EC-1.2.1 | EC-2.6.1.39","2-oxoadipate + coenzyme A + NAD+  ->  CO2 + glutaryl-CoA + NADH | 2-oxoglutarate + L-2-aminoadipate  ->  L-glutamate + 2-oxoadipate","PWYQT-1 | LYSINE-DEG2-PWY","lysine degradation III | lysine degradation II"
"Compound_0043","(2Z,4E)-2-hydroxymuconic acid-isoform2","C6H6O5","158.020820","2K-ADIPATE","2-oxoadipate","C(CC(=O)C(=O)[O-])CC(=O)[O-]","REFMET:Oxoadipic acid*METABOLIGHTS:MTBLC57499*HMDB:HMDB00225*CHEMSPIDER:19951093*CHEBI:57499*PUBCHEM:23615192*LIGAND-CPD:C00322*CAS:3184-35-8","EC-1.2.1 | EC-2.6.1.39","2-oxoadipate + coenzyme A + NAD+  ->  CO2 + glutaryl-CoA + NADH | 2-oxoglutarate + L-2-aminoadipate  ->  L-glutamate + 2-oxoadipate","PWYQT-1 | LYSINE-DEG2-PWY","lysine degradation III | lysine degradation II"
"Compound_0205","2_3-Dihydro-2_3-dihydroxybenzoate","C7H8O4","156.041590","CPD-9451","2-isopropylmaleate","CC(C(\\C(=O)[O-])=C\\C(=O)[O-])C","REFMET:Isopropylmaleate*BIGG:2ippm*HMDB:HMDB12241*BIGG:40241*CHEMSPIDER:10710392*CHEBI:58085*PUBCHEM:21954611*LIGAND-CPD:C02631","3-ISOPROPYLMALISOM-RXN | RXN-8991","2-isopropylmaleate + H2O  <-->  (2S)-2-isopropylmalate | (2R,3S)-3-isopropylmalate  <-->  2-isopropylmaleate + H2O","LEUSYN-PWY","L-leucine biosynthesis"
"Compound_0207","2_6-Diaminoheptanedioicacid","C7H14N2O4","190.094530","MESO-DIAMINOPIMELATE | LL-DIAMINOPIMELATE","meso-diaminopimelate | L,L-diaminopimelate","C([C@H](CCC[C@H](C([O-])=O)[NH3+])[NH3+])([O-])=O | C([C@H](CCC[C@@H](C([O-])=O)[NH3+])[NH3+])([O-])=O","REFMET:2,6-diaminopimelic acid*BIGG:26dap__M*METABOLIGHTS:MTBLC57791*BIGG:35681*CHEBI:57791*PUBCHEM:1549101*LIGAND-CPD:C00680*CAS:922-54-3 | BIGG:26dap_LL*METABOLIGHTS:MTBLC57609*HMDB:HMDB01370*BIGG:35647*CHEBI:57609*PUBCHEM:1549100*CAS:583-93-7*LIGAND-CPD:C00666*CAS:14289-34-0","EC-4.1.1.20 | EC-5.1.1.7 | EC-2.6.1.83","meso-diaminopimelate + H+  ->  CO2 + L-lysine | L,L-diaminopimelate  ->  meso-diaminopimelate | L,L-diaminopimelate + 2-oxoglutarate  <-->  (S)-2,3,4,5-tetrahydrodipicolinate + L-glutamate + H2O + H+","PWY-5097","L-lysine biosynthesis VI"
"Compound_0260","2-Hydroxy-3-(4-hydroxyphenyl)propenoate","C9H8O4","180.041530","CPD-9800","2,4-dihydroxycinnamate","C(/C=C/C1(/C(/O)=C\\C(\\O)=C/C=1))(=O)O","","RXN-9261 | RXN-9260","2,4-dihydroxycinnamate  ->  umbelliferone | 4-coumarate  ->  2,4-dihydroxycinnamate","PWY-5868","simple coumarins biosynthesis"
"Compound_0269","2-Hydroxyacetophenone-isoform1","C8H8O2","136.051750","CPD-6441 | HYDRPHENYLAC-CPD","methyl benzoate | (4-hydroxyphenyl)acetaldehyde","COC(C1(\\C=C/C=C\\C=1))=O | C(=O)CC1(\\C=C/C(/O)=C\\C=1)","CHEBI:116970*LIGAND-CPD:C20645*METABOLIGHTS:MTBLC72775*HMDB:HMDB33968*CHEBI:72775*CHEMSPIDER:6883*PUBCHEM:7150 | REFMET:4-Hydroxyphenylacetaldehyde*BIGG:4hoxpacd*METABOLIGHTS:MTBLC15621*HMDB:HMDB03767*BIGG:42489*CHEMSPIDER:15403391*CAS:7339-87-9*PUBCHEM:440113*CHEBI:15621*LIGAND-CPD:C03765","EC-2.1.1.273 | EC-1.4.3.4 | EC-1.1.1.1","S-adenosyl-L-methionine + benzoate  ->  methyl benzoate + S-adenosyl-L-homocysteine | tyramine + oxygen + H2O  ->  (4-hydroxyphenyl)acetaldehyde + ammonium + hydrogen peroxide | (4-hydroxyphenyl)acetaldehyde + NADH + H+  ->  4-tyrosol + NAD+","PWY-4203 | PWY-6802","volatile benzenoid biosynthesis I (ester formation) | salidroside biosynthesis"
"Compound_0270","2-Hydroxyacetophenone-isoform2","C8H8O2","136.051740","CPD-6441 | HYDRPHENYLAC-CPD","methyl benzoate | (4-hydroxyphenyl)acetaldehyde","COC(C1(\\C=C/C=C\\C=1))=O | C(=O)CC1(\\C=C/C(/O)=C\\C=1)","CHEBI:116970*LIGAND-CPD:C20645*METABOLIGHTS:MTBLC72775*HMDB:HMDB33968*CHEBI:72775*CHEMSPIDER:6883*PUBCHEM:7150 | REFMET:4-Hydroxyphenylacetaldehyde*BIGG:4hoxpacd*METABOLIGHTS:MTBLC15621*HMDB:HMDB03767*BIGG:42489*CHEMSPIDER:15403391*CAS:7339-87-9*PUBCHEM:440113*CHEBI:15621*LIGAND-CPD:C03765","EC-2.1.1.273 | EC-1.4.3.4 | EC-1.1.1.1","S-adenosyl-L-methionine + benzoate  ->  methyl benzoate + S-adenosyl-L-homocysteine | tyramine + oxygen + H2O  ->  (4-hydroxyphenyl)acetaldehyde + ammonium + hydrogen peroxide | (4-hydroxyphenyl)acetaldehyde + NADH + H+  ->  4-tyrosol + NAD+","PWY-4203 | PWY-6802","volatile benzenoid biosynthesis I (ester formation) | salidroside biosynthesis"
"Compound_0271","2-Hydroxyacetophenone-isoform3","C8H8O2","136.051760","CPD-6441 | HYDRPHENYLAC-CPD","methyl benzoate | (4-hydroxyphenyl)acetaldehyde","COC(C1(\\C=C/C=C\\C=1))=O | C(=O)CC1(\\C=C/C(/O)=C\\C=1)","CHEBI:116970*LIGAND-CPD:C20645*METABOLIGHTS:MTBLC72775*HMDB:HMDB33968*CHEBI:72775*CHEMSPIDER:6883*PUBCHEM:7150 | REFMET:4-Hydroxyphenylacetaldehyde*BIGG:4hoxpacd*METABOLIGHTS:MTBLC15621*HMDB:HMDB03767*BIGG:42489*CHEMSPIDER:15403391*CAS:7339-87-9*PUBCHEM:440113*CHEBI:15621*LIGAND-CPD:C03765","EC-2.1.1.273 | EC-1.4.3.4 | EC-1.1.1.1","S-adenosyl-L-methionine + benzoate  ->  methyl benzoate + S-adenosyl-L-homocysteine | tyramine + oxygen + H2O  ->  (4-hydroxyphenyl)acetaldehyde + ammonium + hydrogen peroxide | (4-hydroxyphenyl)acetaldehyde + NADH + H+  ->  4-tyrosol + NAD+","PWY-4203 | PWY-6802","volatile benzenoid biosynthesis I (ester formation) | salidroside biosynthesis"
"Compound_0291","2-Phytyl-1_4-naphthoquinone","C30H44O2","436.332210","CPD-6947","demethylphylloquinone","CC(CCC[C@H](CCC[C@@H](C)CCCC(\\C)=C/CC1(\\C(=O)C2(\\C(\\C(\\C=1)=O)=C/C=C\\C=2)))C)C","PUBCHEM:56927684*HMDB:HMDB04649*CHEBI:31087*CHEMSPIDER:10128305*LIGAND-CPD:C13309","EC-1.6.5.12 | EC-2.5.1.130","demethylphylloquinone + NADPH + H+  ->  demethylphylloquinol + NADP+ | 2-carboxy-1,4-naphthoquinone + phytyl diphosphate + H+  ->  demethylphylloquinone + CO2 + diphosphate","PWY-5027","phylloquinol biosynthesis"
"Compound_0304","2,2'-ETHYLIDENEBIS(4,6-DI-TERT-BUTYLPHENOL)-isoform1","C30H46O2","438.347790","CPD-12830","demethylphylloquinol","CC(CCC[C@H](CCC[C@@H](C)CCCC(\\C)=C/CC1(/C=C(C2(/C=C\\C=C/C(/C(/O)=1)=2))/O))C)C","PUBCHEM:49859625*CHEBI:87844*PUBCHEM:91820032","EC-2.1.1.329 | EC-1.6.5.12","S-adenosyl-L-methionine + demethylphylloquinol  ->  S-adenosyl-L-homocysteine + phylloquinol + H+ | demethylphylloquinone + NADPH + H+  ->  demethylphylloquinol + NADP+","PWY-5027","phylloquinol biosynthesis"
"Compound_0305","2,2'-ETHYLIDENEBIS(4,6-DI-TERT-BUTYLPHENOL)-isoform2","C30H46O2","438.347690","CPD-12830","demethylphylloquinol","CC(CCC[C@H](CCC[C@@H](C)CCCC(\\C)=C/CC1(/C=C(C2(/C=C\\C=C/C(/C(/O)=1)=2))/O))C)C","PUBCHEM:49859625*CHEBI:87844*PUBCHEM:91820032","EC-2.1.1.329 | EC-1.6.5.12","S-adenosyl-L-methionine + demethylphylloquinol  ->  S-adenosyl-L-homocysteine + phylloquinol + H+ | demethylphylloquinone + NADPH + H+  ->  demethylphylloquinol + NADP+","PWY-5027","phylloquinol biosynthesis"
"Compound_0307","2,2'-ETHYLIDENEBIS(4,6-DI-TERT-BUTYLPHENOL)-isoform4","C30H46O2","438.348050","CPD-12830","demethylphylloquinol","CC(CCC[C@H](CCC[C@@H](C)CCCC(\\C)=C/CC1(/C=C(C2(/C=C\\C=C/C(/C(/O)=1)=2))/O))C)C","PUBCHEM:49859625*CHEBI:87844*PUBCHEM:91820032","EC-2.1.1.329 | EC-1.6.5.12","S-adenosyl-L-methionine + demethylphylloquinol  ->  S-adenosyl-L-homocysteine + phylloquinol + H+ | demethylphylloquinone + NADPH + H+  ->  demethylphylloquinol + NADP+","PWY-5027","phylloquinol biosynthesis"
"Compound_0340","2',3',4',6'-Tetramethoxychalcone-isoform2","C19H20O5","328.129730","CPD-498","gibberellin A51-catabolite","C=C1([C@H]2(C[C@]3(C1)([C@H]([C@@H]4([C@@](C([O-])=O)(C)CC(=O)C=C([C@@H](CC2)3)4))C([O-])=O)))","REFMET:Gibberellin A51-catabolite*METABOLIGHTS:MTBLC29600*LIPID_MAPS:LMPR0104170011*CHEBI:29600*PUBCHEM:25201559*LIGAND-CPD:C11854","EC-1.14.20","gibberellin A51 + 2-oxoglutarate + oxygen  ->  gibberellin A51-catabolite + succinate + CO2 + H+ + H2O","PWY-102","gibberellin inactivation I (2beta-hydroxylation)"
"Compound_0352","3_4'_5-Trihydroxystilbene","C14H12O3","228.078550","CPD-83","trans-resveratrol","C(/C1(\\C=C/C(/O)=C\\C=1))=C\\C2(/C=C(/C=C(C=2)/O)/O)","REFMET:3,4,5-trihydroxystilbene*DRUGBANK:DB02709*METABOLIGHTS:MTBLC45713*HMDB:HMDB03747*CHEMSPIDER:392875*CHEBI:45713*CAS:501-36-0*KNAPSACK:C00002903*PUBCHEM:445154*LIGAND-CPD:C03582","EC-2.3.1.95","(E)-4-coumaroyl-CoA + 3 malonyl-CoA + 3 H+  ->  trans-resveratrol + 4 CO2 + 4 coenzyme A","PWY-84","resveratrol biosynthesis"
"Compound_0423","3beta-hydroxy-4beta-hydroxymethylfusida-17(20)[16,20-cis], 24-diene-isoform3","C30H48O2","440.363410","CPD-21439 | CPD-14495 | CPD-14492 | CPD-12918 | CPD-21323 | CPD-12912","30-oxoobtusifoliol | ursolic aldehyde | betulinic aldehyde | 4alpha-formyl,4beta,14alpha-dimethyl-9beta,19-cyclo-5alpha-cholest-24-en-3beta-ol | desaturated 7beta-hydroxythalianol | 4alpha-formyl-stigmasta-7,24(241)-dien-3beta-ol","CC(C)C(CC[C@@H](C)[C@H]2(CC[C@@]3(C=O)(C4(\\CC[C@H]1([C@H](C)[C@@H](O)CC[C@@](C)1C(\\CC[C@](C)23)=4)))))=C | C[C@H]5([C@H](C)[C@@H]2([C@@](C=O)(CC[C@@]3(C)([C@]1(C)(CC[C@H]4([C@](C)(C)[C@@H](O)CC[C@](C)([C@H]1C\\C=C2/3)4))))CC5)) | C=C(C)[C@@H]5(CC[C@]4(C=O)(CC[C@]3(C)([C@H](CC[C@@H]2([C@@]1([C@H](C(C)(C)[C@H](CC1)O)CC[C@](C)23)(C)))[C@@H]45))) | CC(C)=CCC[C@@H](C)[C@H]3(CC[C@@]4(C)([C@@H]1(CC[C@H]5([C@@](C=O)(C)[C@@H](O)CCC2(CC12CC[C@](C)34)5)))) | CC(C)=CCCC(\\C)=C/C=C\\[C@@H](C)[C@@]1(C)(CCC2(\\[C@]3(C)([C@@H](C[C@H](O)C\\1=2)C(C)(C)[C@@H](O)CC3))) | C\\C=C(CC[C@@H](C)[C@H]3(CC[C@H]4(C1([C@@H]([C@@]2(C)(CC[C@H](O)[C@@H](C=O)[C@H](CC=1)2))CC[C@](C)34))))/C(C)C","PUBCHEM:134820201 | PUBCHEM:14423521 | PUBCHEM:99615 | PUBCHEM:102515023*PUBCHEM:50986091 | PUBCHEM:134820554 | PUBCHEM:102515345*PUBCHEM:50986208","RXN-19833 | RXN-19832 | RXN-13502 | RXN-13501 | RXN-13499 | RXN-13498 | RXN-11948 | RXN-11947 | EC-1.14.19 | RXN-11937 | RXN-11936","30-oxoobtusifoliol + a reduced [NADPH-hemoprotein reductase] + oxygen  ->  4alpha-methyl-5alpha-ergosta-8,14,24(28)-trien-3beta-ol + formate + an oxidized [NADPH-hemoprotein reductase] + H2O + H+ | 30-hydroxyobtusifoliol + a reduced [NADPH-hemoprotein reductase] + oxygen  ->  30-oxoobtusifoliol + an oxidized [NADPH-hemoprotein reductase] + 2 H2O | ursolic aldehyde + a reduced [NADPH-hemoprotein reductase] + oxygen  ->  ursolate + an oxidized [NADPH-hemoprotein reductase] + H2O | uvaol + a reduced [NADPH-hemoprotein reductase] + oxygen  ->  ursolic aldehyde + an oxidized [NADPH-hemoprotein reductase] + 2 H2O | betulinic aldehyde + a reduced [NADPH-hemoprotein reductase] + oxygen  ->  betulinate + an oxidized [NADPH-hemoprotein reductase] + H2O + H+ | betulin + a reduced [NADPH-hemoprotein reductase] + oxygen  ->  betulinic aldehyde + an oxidized [NADPH-hemoprotein reductase] + 2 H2O | 4alpha-formyl,4beta,14alpha-dimethyl-9beta,19-cyclo-5alpha-cholest-24-en-3beta-ol + 2 a ferrocytochrome b5 + oxygen + H+  ->  4alpha-carboxy,4beta,14alpha-dimethyl-9beta,19-cyclo-5alpha-cholest-24-en-3beta-ol + 2 a ferricytochrome b5 + H2O | 4alpha-hydroxymethyl,4beta,14alpha-dimethyl-9beta,19-cyclo-5alpha-cholest-24-en-3beta-ol + 2 a ferrocytochrome b5 + oxygen + 2 H+  ->  4alpha-formyl,4beta,14alpha-dimethyl-9beta,19-cyclo-5alpha-cholest-24-en-3beta-ol + 2 a ferricytochrome b5 + 2 H2O | 7beta-hydroxythalianol + a reduced [NADPH-hemoprotein reductase] + oxygen  ->  desaturated 7beta-hydroxythalianol + an oxidized [NADPH-hemoprotein reductase] + 2 H2O | 4alpha-formyl-stigmasta-7,24(241)-dien-3beta-ol + 2 a ferrocytochrome b5 + oxygen + H+  ->  4alpha-carboxy-stigmasta-7,24(241)-dien-3beta-ol + 2 a ferricytochrome b5 + H2O | 4alpha-hydroxymethyl-stigmasta-7,24(241)-dien-3beta-ol + 2 a ferrocytochrome b5 + oxygen + 2 H+  ->  4alpha-formyl-stigmasta-7,24(241)-dien-3beta-ol + 2 a ferricytochrome b5 + 2 H2O","PWY-2541 | PWY-7068 | PWY-7067 | PWY-6663 | PWY-5992","phytosterol biosynthesis (plants) | ursolate biosynthesis | betulinate biosynthesis | plant sterol biosynthesis II | thalianol and derivatives biosynthesis"
"Compound_0424","3beta-hydroxy-4beta-hydroxymethylfusida-17(20)[16,20-cis], 24-diene-isoform4","C30H48O2","440.363600","CPD-21439 | CPD-14495 | CPD-14492 | CPD-12918 | CPD-21323 | CPD-12912","30-oxoobtusifoliol | ursolic aldehyde | betulinic aldehyde | 4alpha-formyl,4beta,14alpha-dimethyl-9beta,19-cyclo-5alpha-cholest-24-en-3beta-ol | desaturated 7beta-hydroxythalianol | 4alpha-formyl-stigmasta-7,24(241)-dien-3beta-ol","CC(C)C(CC[C@@H](C)[C@H]2(CC[C@@]3(C=O)(C4(\\CC[C@H]1([C@H](C)[C@@H](O)CC[C@@](C)1C(\\CC[C@](C)23)=4)))))=C | C[C@H]5([C@H](C)[C@@H]2([C@@](C=O)(CC[C@@]3(C)([C@]1(C)(CC[C@H]4([C@](C)(C)[C@@H](O)CC[C@](C)([C@H]1C\\C=C2/3)4))))CC5)) | C=C(C)[C@@H]5(CC[C@]4(C=O)(CC[C@]3(C)([C@H](CC[C@@H]2([C@@]1([C@H](C(C)(C)[C@H](CC1)O)CC[C@](C)23)(C)))[C@@H]45))) | CC(C)=CCC[C@@H](C)[C@H]3(CC[C@@]4(C)([C@@H]1(CC[C@H]5([C@@](C=O)(C)[C@@H](O)CCC2(CC12CC[C@](C)34)5)))) | CC(C)=CCCC(\\C)=C/C=C\\[C@@H](C)[C@@]1(C)(CCC2(\\[C@]3(C)([C@@H](C[C@H](O)C\\1=2)C(C)(C)[C@@H](O)CC3))) | C\\C=C(CC[C@@H](C)[C@H]3(CC[C@H]4(C1([C@@H]([C@@]2(C)(CC[C@H](O)[C@@H](C=O)[C@H](CC=1)2))CC[C@](C)34))))/C(C)C","PUBCHEM:134820201 | PUBCHEM:14423521 | PUBCHEM:99615 | PUBCHEM:102515023*PUBCHEM:50986091 | PUBCHEM:134820554 | PUBCHEM:102515345*PUBCHEM:50986208","RXN-19833 | RXN-19832 | RXN-13502 | RXN-13501 | RXN-13499 | RXN-13498 | RXN-11948 | RXN-11947 | EC-1.14.19 | RXN-11937 | RXN-11936","30-oxoobtusifoliol + a reduced [NADPH-hemoprotein reductase] + oxygen  ->  4alpha-methyl-5alpha-ergosta-8,14,24(28)-trien-3beta-ol + formate + an oxidized [NADPH-hemoprotein reductase] + H2O + H+ | 30-hydroxyobtusifoliol + a reduced [NADPH-hemoprotein reductase] + oxygen  ->  30-oxoobtusifoliol + an oxidized [NADPH-hemoprotein reductase] + 2 H2O | ursolic aldehyde + a reduced [NADPH-hemoprotein reductase] + oxygen  ->  ursolate + an oxidized [NADPH-hemoprotein reductase] + H2O | uvaol + a reduced [NADPH-hemoprotein reductase] + oxygen  ->  ursolic aldehyde + an oxidized [NADPH-hemoprotein reductase] + 2 H2O | betulinic aldehyde + a reduced [NADPH-hemoprotein reductase] + oxygen  ->  betulinate + an oxidized [NADPH-hemoprotein reductase] + H2O + H+ | betulin + a reduced [NADPH-hemoprotein reductase] + oxygen  ->  betulinic aldehyde + an oxidized [NADPH-hemoprotein reductase] + 2 H2O | 4alpha-formyl,4beta,14alpha-dimethyl-9beta,19-cyclo-5alpha-cholest-24-en-3beta-ol + 2 a ferrocytochrome b5 + oxygen + H+  ->  4alpha-carboxy,4beta,14alpha-dimethyl-9beta,19-cyclo-5alpha-cholest-24-en-3beta-ol + 2 a ferricytochrome b5 + H2O | 4alpha-hydroxymethyl,4beta,14alpha-dimethyl-9beta,19-cyclo-5alpha-cholest-24-en-3beta-ol + 2 a ferrocytochrome b5 + oxygen + 2 H+  ->  4alpha-formyl,4beta,14alpha-dimethyl-9beta,19-cyclo-5alpha-cholest-24-en-3beta-ol + 2 a ferricytochrome b5 + 2 H2O | 7beta-hydroxythalianol + a reduced [NADPH-hemoprotein reductase] + oxygen  ->  desaturated 7beta-hydroxythalianol + an oxidized [NADPH-hemoprotein reductase] + 2 H2O | 4alpha-formyl-stigmasta-7,24(241)-dien-3beta-ol + 2 a ferrocytochrome b5 + oxygen + H+  ->  4alpha-carboxy-stigmasta-7,24(241)-dien-3beta-ol + 2 a ferricytochrome b5 + H2O | 4alpha-hydroxymethyl-stigmasta-7,24(241)-dien-3beta-ol + 2 a ferrocytochrome b5 + oxygen + 2 H+  ->  4alpha-formyl-stigmasta-7,24(241)-dien-3beta-ol + 2 a ferricytochrome b5 + 2 H2O","PWY-2541 | PWY-7068 | PWY-7067 | PWY-6663 | PWY-5992","phytosterol biosynthesis (plants) | ursolate biosynthesis | betulinate biosynthesis | plant sterol biosynthesis II | thalianol and derivatives biosynthesis"
"Compound_0443","4-Coumarylalcohol(4-Hydroxycoumarin)","C9H6O3","162.030970","CPD-8186","umbelliferone","C1(\\C2(\\C=C/C(OC(/C=C(\\C=1)/O)=2)=O))","REFMET:Umbelliferone*METABOLIGHTS:MTBLC27510*HMDB:HMDB29865*CHEMSPIDER:13586477*PUBCHEM:5281426*CHEBI:27510*LIGAND-CPD:C09315","RXN-9262 | RXN-9264 | RXN-14165 | RXN-12965 | RXN-14168 | RXN-9261","umbelliferone  ->  esculetin | umbelliferone  ->  a demethylated methyl donor + herniarin | 2,4-dihydroxycinnamoyl-CoA  ->  umbelliferone + coenzyme A | (Z)-3-(2,4-dihydroxyphenyl)-prop-2-enoate  ->  umbelliferone | 2,4-dihydroxycinnamate  ->  umbelliferone","PWY-5868 | PWY-7186 | PWY-7398 | PWY-6982","simple coumarins biosynthesis | superpathway of scopolin and esculin biosynthesis | coumarins biosynthesis (engineered) | umbelliferone biosynthesis"
"Compound_0473","4-Methylumbelliferone hydrate-isoform2","C10H8O3","176.046550","CPD-9828","herniarin","C1(\\C=C/C2(/C(/O1)=C\\C(\\OC)=C/C=2))(=O)","PUBCHEM:10748*CHEBI:5679*LIGAND-CPD:C09268","RXN-9265 | RXN-9264","herniarin  ->  isoscopoletin | umbelliferone  ->  a demethylated methyl donor + herniarin","PWY-5868","simple coumarins biosynthesis"
"Compound_0579","6-Methoxy-7-hydroxycoumarin","C10H8O4","192.041340","SCOPOLETIN | CPD-9831","scopoletin | isoscopoletin","COC2(/C=C1(\\C=C/C(OC/1=C/C(/O)=2)=O)) | C1(\\C=C/C2(/C(/O1)=C\\C(\\OC)=C(\\C=2)\\O))(=O)","REFMET:Scopoletin*METABOLIGHTS:MTBLC17488*HMDB:HMDB34344*CHEMSPIDER:4444113*PUBCHEM:5280460*CHEBI:17488*LIGAND-CPD:C01752*NCI:405647 | ","RXN-9272 | RXN-9273 | EC-2.4.1.128 | RXN-14072 | EC-2.1.1 | RXN-12350 | RXN-9263 | RXN-9270 | RXN-9271 | RXN-9274 | RXN-9265 | RXN-9289","scopoletin  ->  a demethylated methyl donor + scoparone | scopoletin  ->  ayapin | UDP-alpha-D-glucose + scopoletin  ->  scopolin + UDP + H+ | (Z)-6'-hydroxyferulate  ->  scopoletin | S-adenosyl-L-methionine + esculetin  ->  scopoletin + S-adenosyl-L-homocysteine + H+ | trans-6-hydroxyferuloyl-CoA  ->  scopoletin + coenzyme A | S-adenosyl-L-methionine + esculetin  ->  a demethylated methyl donor + scopoletin + S-adenosyl-L-homocysteine | 2-hydroxyferulate  ->  scopoletin | isoscopoletin  ->  a demethylated methyl donor + scoparone | isoscopoletin  ->  ayapin | herniarin  ->  isoscopoletin | esculetin  ->  a demethylated methyl donor + isoscopoletin","PWY-5868 | PWY-7186 | PWY-7398 | PWY-6792","simple coumarins biosynthesis | superpathway of scopolin and esculin biosynthesis | coumarins biosynthesis (engineered) | scopoletin biosynthesis"
"Compound_0598","6,7-Dihydroxycoumarin","C9H6O4","178.025830","CPD-8097","esculetin","C1(\\C2(/C=C(C(/O)=C\\C(OC(=O)\\C=1)=2)/O))","METABOLIGHTS:MTBLC490095*HMDB:HMDB30819*CHEMSPIDER:4444764*CHEBI:490095*|Wikipedia|:Aesculetin*PUBCHEM:5281416*LIGAND-CPD:C09263","RXN-9289 | RXN-9263 | EC-2.1.1 | RXN-16763 | EC-2.4.1 | RXN-14165 | RXN-9262 | RXN-9268","esculetin  ->  a demethylated methyl donor + isoscopoletin | S-adenosyl-L-methionine + esculetin  ->  a demethylated methyl donor + scopoletin + S-adenosyl-L-homocysteine | S-adenosyl-L-methionine + esculetin  ->  scopoletin + S-adenosyl-L-homocysteine + H+ | 2,4,6-trihydroxycinnamoyl-CoA  ->  esculetin + coenzyme A | esculin + H2O  <-->  esculetin + D-glucopyranose | umbelliferone  ->  esculetin | 2-hydroxycaffeate  ->  esculetin","PWY-5868 | PWY-7186 | PWY-5349 | PWY-7398","simple coumarins biosynthesis | superpathway of scopolin and esculin biosynthesis | esculetin biosynthesis | coumarins biosynthesis (engineered)"
"Compound_0651","Adenine","C5H5N5","135.053780","ADENINE","adenine","C2(N)(\\N=C/N=C1(C(/N=C\\N1)=2))","REFMET:Adenine*BIGG:ade*METABOLIGHTS:MTBLC16708*HMDB:HMDB00034*DRUGBANK:DB00173*BIGG:34039*CHEMSPIDER:185*CHEBI:16708*PUBCHEM:190*LIGAND-CPD:C00147*CAS:73-24-5","EC-3.2.2.7 | EC-3.2.2.16 | EC-1.5.99 | EC-2.4.2.7","adenosine + H2O  ->  D-ribofuranose + adenine | S-methyl-5'-thioadenosine + H2O  ->  5-(methylsulfanyl)-alpha-D-ribose + adenine | N6-dimethylallyladenine + FAD + H2O + H+  ->  3-methyl-2-butenal + adenine + FADH2 | trans-zeatin + FAD + H2O + H+  ->  adenine + 3-methyl-4-trans-hydroxy-2-butenal + FADH2 | cis-zeatin + FAD + H2O + H+  ->  3-methyl-4-cis-hydroxy-2-butenal + adenine + FADH2 | 5-phospho-alpha-D-ribose 1-diphosphate + adenine  ->  AMP + diphosphate","PWY-6605 | PWY-6754 | PWY-2841","adenine and adenosine salvage II | S-methyl-5'-thioadenosine degradation I | cytokinins degradation"
"Compound_0749","betulin","C30H50O2","442.379130","CPD-7608 | CPD-21325 | CPD-21322 | CPD-14491 | CPD-12916 | CPD-12911 | CPD-14494 | CPD-7609 | CPD-21438","24-hydroxy-beta-amyrin | 23-hydroxymarneral | 7beta-hydroxythalianol | betulin | 4alpha-hydroxymethyl,4beta,14alpha-dimethyl-9beta,19-cyclo-5alpha-cholest-24-en-3beta-ol | 4alpha-hydroxymethyl-stigmasta-7,24(241)-dien-3beta-ol | uvaol | sophoradiol | 30-hydroxyobtusifoliol","C[C@@]4(CC5(C2(\\[C@]([C@@]1(CCC3([C@]([C@H](CC[C@](C1C\\C=2)3C)O)(CO)C))C)(CC[C@@](CC4)5C)C)))C | CC(C)=CCCC(\\C)=C/CCC(\\C)=C/CC[C@]1(C)([C@H](C)CCC(\\[C@@H](CCC=O)1)=C(C)\\CO) | CC(C)=CCCC(\\C)=C/CC[C@@H](C)[C@@]1(C)(CCC2(\\[C@]3(C)([C@@H](C[C@H](O)C\\1=2)C(C)(C)[C@@H](O)CC3))) | C=C(C)[C@@H]5(CC[C@]4(CO)(CC[C@]3(C)([C@H](CC[C@@H]2([C@@]1([C@H](C(C)(C)[C@H](CC1)O)CC[C@](C)23)(C)))[C@@H]45))) | CC(C)=CCC[C@@H](C)[C@H]3(CC[C@@]4(C)([C@@H]1(CC[C@H]5([C@@](CO)(C)[C@@H](O)CCC2(CC12CC[C@](C)34)5)))) | C\\C=C(CC[C@@H](C)[C@H]3(CC[C@H]4(C1([C@@H]([C@@]2(C)(CC[C@H](O)[C@@H](CO)[C@H](CC=1)2))CC[C@](C)34))))/C(C)C | C[C@H]5([C@H](C)[C@@H]2([C@@](CO)(CC[C@@]3(C)([C@]1(C)(CC[C@H]4([C@](C)(C)[C@@H](O)CC[C@](C)([C@H]1C\\C=C2/3)4))))CC5)) | C[C@@]4(CC5(C2(\\[C@]([C@@]1(CCC3([C@]([C@H](CC[C@](C1C\\C=2)3C)O)(C)C))C)(CC[C@@]([C@@H](C4)O)5C)C)))C | CC(C)C(CC[C@@H](C)[C@H]2(CC[C@@]3(CO)(C4(\\CC[C@H]1([C@H](C)[C@@H](O)CC[C@@](C)1C(\\CC[C@](C)23)=4)))))=C","CHEBI:62459*PUBCHEM:25203753 | PUBCHEM:134819976 | PUBCHEM:134820132 | METABOLIGHTS:MTBLC3086*HMDB:HMDB36838*CHEBI:3086*LIGAND-CPD:C08618*PUBCHEM:72326 | PUBCHEM:102515483*PUBCHEM:50986258 | PUBCHEM:102515003*PUBCHEM:50986085 | METABOLIGHTS:MTBLC67894*HMDB:HMDB02391*CHEBI:67894*PUBCHEM:92802 | CHEBI:62458*CHEMSPIDER:110562*PUBCHEM:124061 | PUBCHEM:134820254","EC-1.14.14 | EC-1.14.14.134 | EC-1.14.19 | RXN-13498 | RXN-13497 | RXN-11947 | RXN-11946 | RXN-11936 | RXN-11935 | RXN-13501 | RXN-13500 | RXN-19832 | RXN-19831","24-hydroxy-beta-amyrin + a reduced [NADPH-hemoprotein reductase] + oxygen  ->  soyasapogenol B + an oxidized [NADPH-hemoprotein reductase] + H2O | beta-amyrin + a reduced [NADPH-hemoprotein reductase] + oxygen  ->  24-hydroxy-beta-amyrin + an oxidized [NADPH-hemoprotein reductase] + H2O | marneral + a reduced [NADPH-hemoprotein reductase] + oxygen  ->  23-hydroxymarneral + an oxidized [NADPH-hemoprotein reductase] + H2O | 7beta-hydroxythalianol + a reduced [NADPH-hemoprotein reductase] + oxygen  ->  desaturated 7beta-hydroxythalianol + an oxidized [NADPH-hemoprotein reductase] + 2 H2O | thalianol + a reduced [NADPH-hemoprotein reductase] + oxygen  ->  7beta-hydroxythalianol + an oxidized [NADPH-hemoprotein reductase] + H2O | betulin + a reduced [NADPH-hemoprotein reductase] + oxygen  ->  betulinic aldehyde + an oxidized [NADPH-hemoprotein reductase] + 2 H2O | lupeol + a reduced [NADPH-hemoprotein reductase] + oxygen  ->  betulin + an oxidized [NADPH-hemoprotein reductase] + H2O | 4alpha-hydroxymethyl,4beta,14alpha-dimethyl-9beta,19-cyclo-5alpha-cholest-24-en-3beta-ol + 2 a ferrocytochrome b5 + oxygen + 2 H+  ->  4alpha-formyl,4beta,14alpha-dimethyl-9beta,19-cyclo-5alpha-cholest-24-en-3beta-ol + 2 a ferricytochrome b5 + 2 H2O | cycloartenol + 2 a ferrocytochrome b5 + oxygen + 2 H+  ->  4alpha-hydroxymethyl,4beta,14alpha-dimethyl-9beta,19-cyclo-5alpha-cholest-24-en-3beta-ol + 2 a ferricytochrome b5 + H2O | 4alpha-hydroxymethyl-stigmasta-7,24(241)-dien-3beta-ol + 2 a ferrocytochrome b5 + oxygen + 2 H+  ->  4alpha-formyl-stigmasta-7,24(241)-dien-3beta-ol + 2 a ferricytochrome b5 + 2 H2O | 24-ethylidenelophenol + 2 a ferrocytochrome b5 + oxygen + 2 H+  ->  4alpha-hydroxymethyl-stigmasta-7,24(241)-dien-3beta-ol + 2 a ferricytochrome b5 + H2O | uvaol + a reduced [NADPH-hemoprotein reductase] + oxygen  ->  ursolic aldehyde + an oxidized [NADPH-hemoprotein reductase] + 2 H2O | alpha-amyrin + a reduced [NADPH-hemoprotein reductase] + oxygen  ->  uvaol + an oxidized [NADPH-hemoprotein reductase] + H2O | sophoradiol + a reduced [NADPH-hemoprotein reductase] + oxygen  ->  soyasapogenol B + an oxidized [NADPH-hemoprotein reductase] + H2O | beta-amyrin + a reduced [NADPH-hemoprotein reductase] + oxygen  ->  sophoradiol + an oxidized [NADPH-hemoprotein reductase] + H2O | 30-hydroxyobtusifoliol + a reduced [NADPH-hemoprotein reductase] + oxygen  ->  30-oxoobtusifoliol + an oxidized [NADPH-hemoprotein reductase] + 2 H2O | obtusifoliol + a reduced [NADPH-hemoprotein reductase] + oxygen  ->  30-hydroxyobtusifoliol + an oxidized [NADPH-hemoprotein reductase] + H2O","PWY-5203 | PWY-6005 | PWY-5992 | PWY-7067 | PWY-6663 | PWY-2541 | PWY-7068","soybean saponin I biosynthesis | marneral biosynthesis | thalianol and derivatives biosynthesis | betulinate biosynthesis | plant sterol biosynthesis II | phytosterol biosynthesis (plants) | ursolate biosynthesis"
"Compound_0836","Coniferyl aldehyde","C10H10O3","178.062170","CONIFERYL-ALDEHYDE","coniferaldehyde","COC1(\\C(\\O)=C/C=C(/C=C/C=O)/C=1)","REFMET:Coniferyl aldehyde*METABOLIGHTS:MTBLC16547*CHEMSPIDER:4444167*CHEBI:16547*PUBCHEM:5280536*LIGAND-CPD:C02666*CAS:458-36-6","EC-1.2.1.68 | EC-2.4.1 | EC-1.14.14 | EC-1.1.1.195 | EC-1.2.1.44","coniferaldehyde + NAD(P)+ + H2O  ->  ferulate + NAD(P)H + 2 H+ | UDP-alpha-D-glucose + coniferaldehyde  ->  coniferaldehyde glucoside + UDP + H+ | coniferaldehyde + a reduced [NADPH-hemoprotein reductase] + oxygen  ->  5-hydroxy-coniferaldehyde + an oxidized [NADPH-hemoprotein reductase] + H2O | coniferaldehyde + NADPH + H+  ->  coniferyl alcohol + NADP+ | trans-feruloyl-CoA + NADPH + H+  ->  coniferaldehyde + coenzyme A + NADP+","PWY-5168 | PWY-83 | PWY-361","ferulate and sinapate biosynthesis | monolignol glucosides biosynthesis | phenylpropanoid biosynthesis"
"Compound_0837","Coniferylalcohol-isoform1","C10H12O3","180.077760","CONIFERYL-ALCOHOL","coniferyl alcohol","COC1(\\C(\\O)=C/C=C(/C=C/CO)/C=1)","REFMET:Coniferyl alcohol*METABOLIGHTS:MTBLC17745*HMDB:HMDB12915*CHEMSPIDER:1266063*PUBCHEM:1549095*CHEBI:17745*LIGAND-CPD:C00590*CAS:458-35-5","EC-1.1.1.195 | EC-2.3.1.224 | EC-2.4.1.111 | EC-1.11.1.7 | EC-1.10.3.2 | EC-3.2.1.126","coniferaldehyde + NADPH + H+  ->  coniferyl alcohol + NADP+ | coniferyl alcohol + acetyl-CoA  ->  coniferyl acetate + coenzyme A | UDP-alpha-D-glucose + coniferyl alcohol  ->  coniferin + UDP + H+ | 2 coniferyl alcohol + hydrogen peroxide  ->  2 coniferyl alcohol radical + 2 H2O | 4 coniferyl alcohol + oxygen  ->  4 coniferyl alcohol radical + 2 H2O | coniferin + H2O  ->  coniferyl alcohol + D-glucopyranose","PWY-361 | PWY-5859 | PWY-116 | PWY-5466","phenylpropanoid biosynthesis | eugenol and isoeugenol biosynthesis | coniferin metabolism | matairesinol biosynthesis"
"Compound_0841","Coniferylaldehyde-isoform2","C10H10O3","178.062180","CONIFERYL-ALDEHYDE","coniferaldehyde","COC1(\\C(\\O)=C/C=C(/C=C/C=O)/C=1)","REFMET:Coniferyl aldehyde*METABOLIGHTS:MTBLC16547*CHEMSPIDER:4444167*CHEBI:16547*PUBCHEM:5280536*LIGAND-CPD:C02666*CAS:458-36-6","EC-1.2.1.68 | EC-2.4.1 | EC-1.14.14 | EC-1.1.1.195 | EC-1.2.1.44","coniferaldehyde + NAD(P)+ + H2O  ->  ferulate + NAD(P)H + 2 H+ | UDP-alpha-D-glucose + coniferaldehyde  ->  coniferaldehyde glucoside + UDP + H+ | coniferaldehyde + a reduced [NADPH-hemoprotein reductase] + oxygen  ->  5-hydroxy-coniferaldehyde + an oxidized [NADPH-hemoprotein reductase] + H2O | coniferaldehyde + NADPH + H+  ->  coniferyl alcohol + NADP+ | trans-feruloyl-CoA + NADPH + H+  ->  coniferaldehyde + coenzyme A + NADP+","PWY-5168 | PWY-83 | PWY-361","ferulate and sinapate biosynthesis | monolignol glucosides biosynthesis | phenylpropanoid biosynthesis"
"Compound_0851","Cumarin-isoform1","C9H6O2","146.036020","COUMARIN","coumarin","C1(OC2(\\C(/C=C\\1)=C/C=C\\C=2))=O","REFMET:Coumarin*METABOLIGHTS:MTBLC28794*HMDB:HMDB01218*DRUGBANK:DB04665*CHEMSPIDER:13848793*PUBCHEM:323*CHEBI:28794*LIGAND-CPD:C05851","RXN-8037","coumarinate + H+  ->  coumarin + H2O","PWY-5176","coumarin biosynthesis (via 2-coumarate)"
"Compound_0852","Cumarin-isoform2","C9H6O2","146.036000","COUMARIN","coumarin","C1(OC2(\\C(/C=C\\1)=C/C=C\\C=2))=O","REFMET:Coumarin*METABOLIGHTS:MTBLC28794*HMDB:HMDB01218*DRUGBANK:DB04665*CHEMSPIDER:13848793*PUBCHEM:323*CHEBI:28794*LIGAND-CPD:C05851","RXN-8037","coumarinate + H+  ->  coumarin + H2O","PWY-5176","coumarin biosynthesis (via 2-coumarate)"
"Compound_0867","Cytidine;1-beta-delta-Ribofuranosyl-Cytosine","C9H13N3O5","243.084420","CYTIDINE","cytidine","C([C@@H]2([C@H]([C@H]([C@H](N1(C(/N=C(\\C=C/1)/N)=O))O2)O)O))O","REFMET:Cytidine*BIGG:cytd*METABOLIGHTS:MTBLC17562*HMDB:HMDB00089*DRUGBANK:DB02097*BIGG:35089*CHEMSPIDER:5940*PUBCHEM:6175*CHEBI:17562*LIGAND-CPD:C00475*CAS:65-46-3","EC-3.5.4.5 | EC-2.7.1.213 | EC-3.1.3.91","cytidine + H+ + H2O  ->  uridine + ammonium | cytidine + ATP  ->  CMP + ADP + H+ | CMP + H2O  ->  cytidine + phosphate","PWY-7193 | PWY-6556 | PWY-7185","pyrimidine ribonucleosides salvage I | pyrimidine ribonucleosides salvage II | UTP and CTP dephosphorylation I"
"Compound_0981","Ferulic acid-isoform1","C10H10O4","194.057010","5-HYDROXY-CONIFERALDEHYDE","5-hydroxy-coniferaldehyde","COC1(\\C(\\O)=C(C=C(/C=C/C=O)/C=1)\\O)","CHEBI:31134*CHEMSPIDER:4445308*PUBCHEM:5282094*LIGAND-CPD:C12204","EC-2.1.1.68 | EC-1.14.14","S-adenosyl-L-methionine + 5-hydroxy-coniferaldehyde  ->  S-adenosyl-L-homocysteine + sinapaldehyde + H+ | coniferaldehyde + a reduced [NADPH-hemoprotein reductase] + oxygen  ->  5-hydroxy-coniferaldehyde + an oxidized [NADPH-hemoprotein reductase] + H2O","PWY-361 | PWY-5168","phenylpropanoid biosynthesis | ferulate and sinapate biosynthesis"
"Compound_0982","Ferulic acid-isoform2","C10H10O4","194.057040","5-HYDROXY-CONIFERALDEHYDE","5-hydroxy-coniferaldehyde","COC1(\\C(\\O)=C(C=C(/C=C/C=O)/C=1)\\O)","CHEBI:31134*CHEMSPIDER:4445308*PUBCHEM:5282094*LIGAND-CPD:C12204","EC-2.1.1.68 | EC-1.14.14","S-adenosyl-L-methionine + 5-hydroxy-coniferaldehyde  ->  S-adenosyl-L-homocysteine + sinapaldehyde + H+ | coniferaldehyde + a reduced [NADPH-hemoprotein reductase] + oxygen  ->  5-hydroxy-coniferaldehyde + an oxidized [NADPH-hemoprotein reductase] + H2O","PWY-361 | PWY-5168","phenylpropanoid biosynthesis | ferulate and sinapate biosynthesis"
"Compound_0983","Ferulic acid-isoform3","C10H10O4","194.056980","5-HYDROXY-CONIFERALDEHYDE","5-hydroxy-coniferaldehyde","COC1(\\C(\\O)=C(C=C(/C=C/C=O)/C=1)\\O)","CHEBI:31134*CHEMSPIDER:4445308*PUBCHEM:5282094*LIGAND-CPD:C12204","EC-2.1.1.68 | EC-1.14.14","S-adenosyl-L-methionine + 5-hydroxy-coniferaldehyde  ->  S-adenosyl-L-homocysteine + sinapaldehyde + H+ | coniferaldehyde + a reduced [NADPH-hemoprotein reductase] + oxygen  ->  5-hydroxy-coniferaldehyde + an oxidized [NADPH-hemoprotein reductase] + H2O","PWY-361 | PWY-5168","phenylpropanoid biosynthesis | ferulate and sinapate biosynthesis"
"Compound_1040","Glutamine","C5H10N2O3","146.068420","GLN","L-glutamine","C(=O)(N)CC[C@H]([NH3+])C([O-])=O","REFMET:Glutamine*BIGG:gln__L*METABOLIGHTS:MTBLC58359*HMDB:HMDB00641*BIGG:33714*CHEBI:58359*PUBCHEM:6992086*LIGAND-CPD:C00064*CAS:56-85-9","EC-2.6.1.85 | EC-4.1.3.27 | EC-6.3.5.2 | EC-6.3.5.3 | EC-6.3.5.4 | EC-2.6.1.16 | EC-4.3.2.10 | EC-3.5.1.38 | EC-6.3.5.5 | EC-6.3.4.2 | EC-6.3.5.1 | EC-6.3 | EC-6.3.2 | EC-4.3.3.6 | EC-2.6.1 | TRANS-RXN-231 | TRANS-RXN-233 | EC-6.3.1.2 | EC-1.4.7.1 | EC-1.4.1.14 | EC-2.4.2.14","L-glutamine + chorismate  ->  4-amino-4-deoxychorismate + L-glutamate | chorismate + L-glutamine  ->  anthranilate + L-glutamate + pyruvate + H+ | XMP + L-glutamine + ATP + H2O  ->  L-glutamate + GMP + AMP + diphosphate + 2 H+ | ATP + N2-formyl-N1-(5-phospho-beta-D-ribosyl)glycinamide + L-glutamine + H2O  ->  L-glutamate + ADP + 2-(formamido)-N1-(5-phospho-beta-D-ribosyl)acetamidine + phosphate + H+ | L-glutamine + L-aspartate + ATP + H2O  ->  L-glutamate + L-asparagine + AMP + diphosphate + H+ | beta-D-fructofuranose 6-phosphate + L-glutamine  <-->  D-glucosamine 6-phosphate + L-glutamate | phosphoribulosylformimino-AICAR-phosphate + L-glutamine  ->  L-glutamate + D-erythro-imidazole-glycerol-phosphate + 5-amino-1-(5-phospho-D-ribosyl)imidazole-4-carboxamide + H+ | L-glutamine + H2O  ->  L-glutamate + ammonium | 2 ATP + L-glutamine + hydrogencarbonate + H2O  ->  L-glutamate + 2 ADP + carbamoyl phosphate + phosphate + 2 H+ | ATP + UTP + L-glutamine + H2O  ->  ADP + CTP + L-glutamate + phosphate + 2 H+ | ATP + nicotinate adenine dinucleotide + L-glutamine + H2O  ->  L-glutamate + AMP + NAD+ + diphosphate + H+ | (indol-3-yl)acetate + L-glutamine + ATP  ->  (indol-3-yl)acetyl-L-glutamine + AMP + diphosphate + H+ | a jasmonate + L-glutamine + ATP  ->  a jasmonoyl-glutamine + AMP + diphosphate + H+ | aldehydo-D-ribose 5-phosphate + D-glyceraldehyde 3-phosphate + L-glutamine  ->  L-glutamate + pyridoxal 5'-phosphate + phosphate + H+ + 3 H2O | L-glutamine + 4-(methylsulfanyl)-2-oxobutanoate  <-->  2-oxoglutaramate + L-methionine | L-glutamine[mitochondrial lumen]  ->  L-glutamine[cytosol] | L-glutamine[cytosol]  ->  L-glutamine[chloroplast stroma] | ammonium + L-glutamate + ATP  ->  L-glutamine + ADP + phosphate + H+ | 2-oxoglutarate + L-glutamine + 2 a reduced ferredoxin [iron-sulfur] cluster + 2 H+  ->  2 an oxidized ferredoxin [iron-sulfur] cluster + 2 L-glutamate | 2-oxoglutarate + L-glutamine + NADH + H+  ->  2 L-glutamate + NAD+ | 5-phospho-alpha-D-ribose 1-diphosphate + L-glutamine + H2O  ->  5-phospho-beta-D-ribosylamine + L-glutamate + diphosphate","PWY-6543 | PWY-3742 | TRPSYN-PWY | PWY-7221 | PWY-6122 | PWY-6121 | ASPARAGINE-BIOSYNTHESIS | UDPNACETYLGALSYN-PWY | HISTSYN-PWY | PWY490-4 | PWY-5921 | CITRULBIO-PWY | GLUTAMINDEG-PWY | PWY-5686 | PWY-7060 | ARGSYN-PWY | ARGSYNBSUB-PWY | PWY-7185 | PWY-7177 | PWY-7176 | PWY-5687 | PWY3O-4107 | PWY-5381 | PYRIDNUCSYN-PWY | PWY-6219 | PWY-6233 | PWY-6466 | PWY-4361 | PWY-7061 | PWY-6963 | PWY-6964 | PWY-6549 | PWY-381 | GLNSYN-PWY | PWY-4341 | GLUGLNSYN-PWY","4-aminobenzoate biosynthesis | tetrahydrofolate biosynthesis II | L-tryptophan biosynthesis | guanosine ribonucleotides de novo biosynthesis | 5-aminoimidazole ribonucleotide biosynthesis II | 5-aminoimidazole ribonucleotide biosynthesis I | L-asparagine biosynthesis I | UDP-N-acetyl-D-glucosamine biosynthesis II | L-histidine biosynthesis | L-asparagine biosynthesis III (tRNA-dependent) | glutaminyl-tRNAgln biosynthesis via transamidation | L-citrulline biosynthesis | L-glutamine degradation I | UMP biosynthesis I | ornithine-citrulline shuttle | L-arginine biosynthesis I (via L-ornithine) | L-arginine biosynthesis II (acetyl cycle) | UTP and CTP dephosphorylation I | UTP and CTP dephosphorylation II | UTP and CTP de novo biosynthesis | pyrimidine ribonucleotides interconversion | NAD salvage pathway V (PNC V cycle) | pyridine nucleotide cycling (plants) | NAD de novo biosynthesis I (from aspartate) | indole-3-acetate inactivation VIII | jasmonoyl-amino acid conjugates biosynthesis II | pyridoxal 5'-phosphate biosynthesis II | S-methyl-5-thio-alpha-D-ribose 1-phosphate degradation I | glutamate-glutamine shuttle | ammonia assimilation cycle I | ammonia assimilation cycle II | L-glutamine biosynthesis III | nitrate reduction II (assimilatory) | L-glutamine biosynthesis I | L-glutamate biosynthesis V | L-glutamate biosynthesis IV"
"Compound_1059","Herbaric acid-isoform1","C10H8O6","224.031070","ISOCHORISMATE | CHORISMATE | PREPHENATE","isochorismate | chorismate | prephenate","C=C(C(=O)[O-])O[C@H]1(\\C=C/C=C([C@@H]1O)/C([O-])=O) | C=C(C(=O)[O-])O[C@H]1([C@H](O)\\C=C/C(/C([O-])=O)=C\\1) | C(=O)([O-])C(=O)C[C@]1(C(=O)[O-])(\\C=C/[C@@H](O)\\C=C/1)","BIGG:ichor*DRUGBANK:DB02793*BIGG:36293*CHEMSPIDER:4574080*PUBCHEM:5460580*CHEBI:29780*LIGAND-CPD:C00885*CAS:22642-82-6 | REFMET:Chorismic acid*BIGG:chor*HMDB:HMDB12199*BIGG:34395*CHEMSPIDER:4573889*PUBCHEM:5460312*CHEBI:29748*CAS:55508-12-8*LIGAND-CPD:C00251 | BIGG:pphn*HMDB:HMDB12283*BIGG:34406*CHEMSPIDER:4573884*PUBCHEM:5460303*CHEBI:29934*LIGAND-CPD:C00254*CAS:126-49-8","EC-4.2.99.21 | EC-5.4.4.2 | EC-4.1.3.27 | EC-5.4.99.5 | EC-2.6.1.85 | EC-4.2.3.5 | EC-2.6.1.79","isochorismate  ->  salicylate + pyruvate | chorismate  ->  isochorismate | chorismate + L-glutamine  ->  anthranilate + L-glutamate + pyruvate + H+ | chorismate  ->  prephenate | L-glutamine + chorismate  ->  4-amino-4-deoxychorismate + L-glutamate | 5-enolpyruvoyl-shikimate 3-phosphate  ->  chorismate + phosphate | L-arogenate + 2-oxoglutarate  <-->  prephenate + L-glutamate","PWY-6406 | TRPSYN-PWY | PWY-3461 | PWY-3462 | PWY-6543 | PWY-3742 | PWY-6163","salicylate biosynthesis I | L-tryptophan biosynthesis | L-tyrosine biosynthesis II | L-phenylalanine biosynthesis II | 4-aminobenzoate biosynthesis | tetrahydrofolate biosynthesis II | chorismate biosynthesis from 3-dehydroquinate"
"Compound_1060","Herbaric acid-isoform2","C10H8O6","224.031090","ISOCHORISMATE | CHORISMATE | PREPHENATE","isochorismate | chorismate | prephenate","C=C(C(=O)[O-])O[C@H]1(\\C=C/C=C([C@@H]1O)/C([O-])=O) | C=C(C(=O)[O-])O[C@H]1([C@H](O)\\C=C/C(/C([O-])=O)=C\\1) | C(=O)([O-])C(=O)C[C@]1(C(=O)[O-])(\\C=C/[C@@H](O)\\C=C/1)","BIGG:ichor*DRUGBANK:DB02793*BIGG:36293*CHEMSPIDER:4574080*PUBCHEM:5460580*CHEBI:29780*LIGAND-CPD:C00885*CAS:22642-82-6 | REFMET:Chorismic acid*BIGG:chor*HMDB:HMDB12199*BIGG:34395*CHEMSPIDER:4573889*PUBCHEM:5460312*CHEBI:29748*CAS:55508-12-8*LIGAND-CPD:C00251 | BIGG:pphn*HMDB:HMDB12283*BIGG:34406*CHEMSPIDER:4573884*PUBCHEM:5460303*CHEBI:29934*LIGAND-CPD:C00254*CAS:126-49-8","EC-4.2.99.21 | EC-5.4.4.2 | EC-4.1.3.27 | EC-5.4.99.5 | EC-2.6.1.85 | EC-4.2.3.5 | EC-2.6.1.79","isochorismate  ->  salicylate + pyruvate | chorismate  ->  isochorismate | chorismate + L-glutamine  ->  anthranilate + L-glutamate + pyruvate + H+ | chorismate  ->  prephenate | L-glutamine + chorismate  ->  4-amino-4-deoxychorismate + L-glutamate | 5-enolpyruvoyl-shikimate 3-phosphate  ->  chorismate + phosphate | L-arogenate + 2-oxoglutarate  <-->  prephenate + L-glutamate","PWY-6406 | TRPSYN-PWY | PWY-3461 | PWY-3462 | PWY-6543 | PWY-3742 | PWY-6163","salicylate biosynthesis I | L-tryptophan biosynthesis | L-tyrosine biosynthesis II | L-phenylalanine biosynthesis II | 4-aminobenzoate biosynthesis | tetrahydrofolate biosynthesis II | chorismate biosynthesis from 3-dehydroquinate"
"Compound_1110","Isopentenyladenosine","C15H21N5O4","335.157840","CPD-4207","isopentenyl adenosine","CC(C)=CCNC2(\\C3(\\N=C/N([C@H]1([C@@H]([C@@H]([C@H](O1)CO)O)O))C(\\N=C/N=2)=3))","CHEMSPIDER:22815*CHEBI:62881*CHEBI:554300*PUBCHEM:24405*LIGAND-CPD:C16427","EC-1.5.99","isopentenyl adenosine + FAD + H2O + H+  ->  adenosine + 3-methyl-2-butenal + FADH2","PWY-2841","cytokinins degradation"
"Compound_1140","Kaempferol-isoform2","C15H10O6","286.046370","CPD-19725","(4S)-2,3-dehydroleucopelargonidin","C3(\\C(\\C1(\\OC2(\\C=C(/C=C(C(\\[C@H](O)C(/[O-])=1)=2)/[O-])\\O)))=C/C=C(\\C=3)/O)","PUBCHEM:126961226","RXN-18352 | EC-1.14.20.4","(4S)-2,3-dehydroleucopelargonidin + H+  ->  pelargonidin + H2O | (2R,3S,4S)-leucopelargonidin + 2-oxoglutarate + oxygen  ->  (4S)-2,3-dehydroleucopelargonidin + succinate + CO2 + H2O + 2 H+","PWY-7267","anthocyanin biosynthesis (pelargonidin 3-O-glucoside)"
"Compound_1350","NCGC00169701-03_C20H22O6_2(3H)-Furanone, dihydro-3,4-bis[(4-hydroxy-3-methoxyphenyl)methyl]-, (3R,4R)-","C20H22O6","358.140000","CPD-8912 | CPD-8906 | CPD-8905","(-)-matairesinol | (-)-pinoresinol | (+)-pinoresinol","COC3(\\C(\\O)=C/C=C(C[C@@H]2([C@@H](CC1(\\C=C(C(/O)=C\\C=1)\\OC))C(=O)OC2))\\C=3) | COC1(\\C(\\O)=C/C=C(/C=1)/[C@@H]4(OC[C@H]3([C@H](C2(\\C=C/C(/O)=C(/C=2)/OC))OC[C@H]34))) | COC1(/C=C(\\C=C/C(/O)=1)/[C@H]3(OC[C@@H]4([C@@H](C2(\\C=C/C(/O)=C(/C=2)/OC))OC[C@H]34)))","CHEBI:6698*METABOLIGHTS:MTBLC65005*HMDB:HMDB35698*DRUGBANK:DB04200*CHEMSPIDER:106491*CHEBI:65005*PUBCHEM:119205*LIGAND-CPD:C10682 | METABOLIGHTS:MTBLC67245*LIGAND-CPD:C10872*LIGAND-CPD:C20455*CHEBI:67245*PUBCHEM:12309636 | METABOLIGHTS:MTBLC40*CHEBI:40*CHEMSPIDER:66116*PUBCHEM:73399*LIGAND-CPD:C05366","RXN-8681 | RXN-17353 | EC-1.23.1.3 | RXN-8677 | EC-1.23.1.1","(3R,4R)-3,4-bis(4-hydroxy-3-methoxybenzyl)tetrahydro-2-furanol + NAD+  ->  (-)-matairesinol + NADH + H+ | 2 coniferyl alcohol radical  ->  (-)-pinoresinol | (-)-pinoresinol + NADPH + H+  ->  (-)-lariciresinol + NADP+ | 2 coniferyl alcohol radical  ->  (+)-pinoresinol | (+)-pinoresinol + NADPH + H+  ->  (+)-lariciresinol + NADP+","PWY-5466","matairesinol biosynthesis"
"Compound_1395","Nicotianamine-isoform1","C12H21N3O6","303.141560","CPD-463","L-nicotianamine","C([C@H](CC[NH2+][C@@H](CC[NH+]1([C@@H](CC1)C([O-])=O))C([O-])=O)[NH3+])([O-])=O","PUBCHEM:49852318*CHEBI:58249*PUBCHEM:90658970*CHEBI:62921*CHEBI:7555*PUBCHEM:25202735*LIGAND-CPD:C05324*CAS:34441-14-0","EC-2.5.1.43","3 S-adenosyl-L-methionine  ->  L-nicotianamine + 3 S-methyl-5'-thioadenosine + 3 H+","PWY-5957","L-nicotianamine biosynthesis"
"Compound_1436","NP-020112-isoform1","C30H48O2","440.363720","CPD-21439 | CPD-14495 | CPD-14492 | CPD-12918 | CPD-21323 | CPD-12912","30-oxoobtusifoliol | ursolic aldehyde | betulinic aldehyde | 4alpha-formyl,4beta,14alpha-dimethyl-9beta,19-cyclo-5alpha-cholest-24-en-3beta-ol | desaturated 7beta-hydroxythalianol | 4alpha-formyl-stigmasta-7,24(241)-dien-3beta-ol","CC(C)C(CC[C@@H](C)[C@H]2(CC[C@@]3(C=O)(C4(\\CC[C@H]1([C@H](C)[C@@H](O)CC[C@@](C)1C(\\CC[C@](C)23)=4)))))=C | C[C@H]5([C@H](C)[C@@H]2([C@@](C=O)(CC[C@@]3(C)([C@]1(C)(CC[C@H]4([C@](C)(C)[C@@H](O)CC[C@](C)([C@H]1C\\C=C2/3)4))))CC5)) | C=C(C)[C@@H]5(CC[C@]4(C=O)(CC[C@]3(C)([C@H](CC[C@@H]2([C@@]1([C@H](C(C)(C)[C@H](CC1)O)CC[C@](C)23)(C)))[C@@H]45))) | CC(C)=CCC[C@@H](C)[C@H]3(CC[C@@]4(C)([C@@H]1(CC[C@H]5([C@@](C=O)(C)[C@@H](O)CCC2(CC12CC[C@](C)34)5)))) | CC(C)=CCCC(\\C)=C/C=C\\[C@@H](C)[C@@]1(C)(CCC2(\\[C@]3(C)([C@@H](C[C@H](O)C\\1=2)C(C)(C)[C@@H](O)CC3))) | C\\C=C(CC[C@@H](C)[C@H]3(CC[C@H]4(C1([C@@H]([C@@]2(C)(CC[C@H](O)[C@@H](C=O)[C@H](CC=1)2))CC[C@](C)34))))/C(C)C","PUBCHEM:134820201 | PUBCHEM:14423521 | PUBCHEM:99615 | PUBCHEM:102515023*PUBCHEM:50986091 | PUBCHEM:134820554 | PUBCHEM:102515345*PUBCHEM:50986208","RXN-19833 | RXN-19832 | RXN-13502 | RXN-13501 | RXN-13499 | RXN-13498 | RXN-11948 | RXN-11947 | EC-1.14.19 | RXN-11937 | RXN-11936","30-oxoobtusifoliol + a reduced [NADPH-hemoprotein reductase] + oxygen  ->  4alpha-methyl-5alpha-ergosta-8,14,24(28)-trien-3beta-ol + formate + an oxidized [NADPH-hemoprotein reductase] + H2O + H+ | 30-hydroxyobtusifoliol + a reduced [NADPH-hemoprotein reductase] + oxygen  ->  30-oxoobtusifoliol + an oxidized [NADPH-hemoprotein reductase] + 2 H2O | ursolic aldehyde + a reduced [NADPH-hemoprotein reductase] + oxygen  ->  ursolate + an oxidized [NADPH-hemoprotein reductase] + H2O | uvaol + a reduced [NADPH-hemoprotein reductase] + oxygen  ->  ursolic aldehyde + an oxidized [NADPH-hemoprotein reductase] + 2 H2O | betulinic aldehyde + a reduced [NADPH-hemoprotein reductase] + oxygen  ->  betulinate + an oxidized [NADPH-hemoprotein reductase] + H2O + H+ | betulin + a reduced [NADPH-hemoprotein reductase] + oxygen  ->  betulinic aldehyde + an oxidized [NADPH-hemoprotein reductase] + 2 H2O | 4alpha-formyl,4beta,14alpha-dimethyl-9beta,19-cyclo-5alpha-cholest-24-en-3beta-ol + 2 a ferrocytochrome b5 + oxygen + H+  ->  4alpha-carboxy,4beta,14alpha-dimethyl-9beta,19-cyclo-5alpha-cholest-24-en-3beta-ol + 2 a ferricytochrome b5 + H2O | 4alpha-hydroxymethyl,4beta,14alpha-dimethyl-9beta,19-cyclo-5alpha-cholest-24-en-3beta-ol + 2 a ferrocytochrome b5 + oxygen + 2 H+  ->  4alpha-formyl,4beta,14alpha-dimethyl-9beta,19-cyclo-5alpha-cholest-24-en-3beta-ol + 2 a ferricytochrome b5 + 2 H2O | 7beta-hydroxythalianol + a reduced [NADPH-hemoprotein reductase] + oxygen  ->  desaturated 7beta-hydroxythalianol + an oxidized [NADPH-hemoprotein reductase] + 2 H2O | 4alpha-formyl-stigmasta-7,24(241)-dien-3beta-ol + 2 a ferrocytochrome b5 + oxygen + H+  ->  4alpha-carboxy-stigmasta-7,24(241)-dien-3beta-ol + 2 a ferricytochrome b5 + H2O | 4alpha-hydroxymethyl-stigmasta-7,24(241)-dien-3beta-ol + 2 a ferrocytochrome b5 + oxygen + 2 H+  ->  4alpha-formyl-stigmasta-7,24(241)-dien-3beta-ol + 2 a ferricytochrome b5 + 2 H2O","PWY-2541 | PWY-7068 | PWY-7067 | PWY-6663 | PWY-5992","phytosterol biosynthesis (plants) | ursolate biosynthesis | betulinate biosynthesis | plant sterol biosynthesis II | thalianol and derivatives biosynthesis"
"Compound_1437","NP-020112-isoform2","C30H48O2","440.363570","CPD-21439 | CPD-14495 | CPD-14492 | CPD-12918 | CPD-21323 | CPD-12912","30-oxoobtusifoliol | ursolic aldehyde | betulinic aldehyde | 4alpha-formyl,4beta,14alpha-dimethyl-9beta,19-cyclo-5alpha-cholest-24-en-3beta-ol | desaturated 7beta-hydroxythalianol | 4alpha-formyl-stigmasta-7,24(241)-dien-3beta-ol","CC(C)C(CC[C@@H](C)[C@H]2(CC[C@@]3(C=O)(C4(\\CC[C@H]1([C@H](C)[C@@H](O)CC[C@@](C)1C(\\CC[C@](C)23)=4)))))=C | C[C@H]5([C@H](C)[C@@H]2([C@@](C=O)(CC[C@@]3(C)([C@]1(C)(CC[C@H]4([C@](C)(C)[C@@H](O)CC[C@](C)([C@H]1C\\C=C2/3)4))))CC5)) | C=C(C)[C@@H]5(CC[C@]4(C=O)(CC[C@]3(C)([C@H](CC[C@@H]2([C@@]1([C@H](C(C)(C)[C@H](CC1)O)CC[C@](C)23)(C)))[C@@H]45))) | CC(C)=CCC[C@@H](C)[C@H]3(CC[C@@]4(C)([C@@H]1(CC[C@H]5([C@@](C=O)(C)[C@@H](O)CCC2(CC12CC[C@](C)34)5)))) | CC(C)=CCCC(\\C)=C/C=C\\[C@@H](C)[C@@]1(C)(CCC2(\\[C@]3(C)([C@@H](C[C@H](O)C\\1=2)C(C)(C)[C@@H](O)CC3))) | C\\C=C(CC[C@@H](C)[C@H]3(CC[C@H]4(C1([C@@H]([C@@]2(C)(CC[C@H](O)[C@@H](C=O)[C@H](CC=1)2))CC[C@](C)34))))/C(C)C","PUBCHEM:134820201 | PUBCHEM:14423521 | PUBCHEM:99615 | PUBCHEM:102515023*PUBCHEM:50986091 | PUBCHEM:134820554 | PUBCHEM:102515345*PUBCHEM:50986208","RXN-19833 | RXN-19832 | RXN-13502 | RXN-13501 | RXN-13499 | RXN-13498 | RXN-11948 | RXN-11947 | EC-1.14.19 | RXN-11937 | RXN-11936","30-oxoobtusifoliol + a reduced [NADPH-hemoprotein reductase] + oxygen  ->  4alpha-methyl-5alpha-ergosta-8,14,24(28)-trien-3beta-ol + formate + an oxidized [NADPH-hemoprotein reductase] + H2O + H+ | 30-hydroxyobtusifoliol + a reduced [NADPH-hemoprotein reductase] + oxygen  ->  30-oxoobtusifoliol + an oxidized [NADPH-hemoprotein reductase] + 2 H2O | ursolic aldehyde + a reduced [NADPH-hemoprotein reductase] + oxygen  ->  ursolate + an oxidized [NADPH-hemoprotein reductase] + H2O | uvaol + a reduced [NADPH-hemoprotein reductase] + oxygen  ->  ursolic aldehyde + an oxidized [NADPH-hemoprotein reductase] + 2 H2O | betulinic aldehyde + a reduced [NADPH-hemoprotein reductase] + oxygen  ->  betulinate + an oxidized [NADPH-hemoprotein reductase] + H2O + H+ | betulin + a reduced [NADPH-hemoprotein reductase] + oxygen  ->  betulinic aldehyde + an oxidized [NADPH-hemoprotein reductase] + 2 H2O | 4alpha-formyl,4beta,14alpha-dimethyl-9beta,19-cyclo-5alpha-cholest-24-en-3beta-ol + 2 a ferrocytochrome b5 + oxygen + H+  ->  4alpha-carboxy,4beta,14alpha-dimethyl-9beta,19-cyclo-5alpha-cholest-24-en-3beta-ol + 2 a ferricytochrome b5 + H2O | 4alpha-hydroxymethyl,4beta,14alpha-dimethyl-9beta,19-cyclo-5alpha-cholest-24-en-3beta-ol + 2 a ferrocytochrome b5 + oxygen + 2 H+  ->  4alpha-formyl,4beta,14alpha-dimethyl-9beta,19-cyclo-5alpha-cholest-24-en-3beta-ol + 2 a ferricytochrome b5 + 2 H2O | 7beta-hydroxythalianol + a reduced [NADPH-hemoprotein reductase] + oxygen  ->  desaturated 7beta-hydroxythalianol + an oxidized [NADPH-hemoprotein reductase] + 2 H2O | 4alpha-formyl-stigmasta-7,24(241)-dien-3beta-ol + 2 a ferrocytochrome b5 + oxygen + H+  ->  4alpha-carboxy-stigmasta-7,24(241)-dien-3beta-ol + 2 a ferricytochrome b5 + H2O | 4alpha-hydroxymethyl-stigmasta-7,24(241)-dien-3beta-ol + 2 a ferrocytochrome b5 + oxygen + 2 H+  ->  4alpha-formyl-stigmasta-7,24(241)-dien-3beta-ol + 2 a ferricytochrome b5 + 2 H2O","PWY-2541 | PWY-7068 | PWY-7067 | PWY-6663 | PWY-5992","phytosterol biosynthesis (plants) | ursolate biosynthesis | betulinate biosynthesis | plant sterol biosynthesis II | thalianol and derivatives biosynthesis"
"Compound_1475","Orirubenone A","C16H18O6","306.109070","CPD-13686 | CPD-13683","1-naphthol glucoside | 2-naphthol glucoside","C1(\\C=C/C3(/C(\\C=1)=C\\C=C/C(/O[C@@H]2(O[C@@H]([C@H]([C@@H]([C@H]2O)O)O)CO))=3)) | C1(\\C=C/C2(/C=C(\\C=C/C(\\C=1)=2)/O[C@@H]3(O[C@@H]([C@H]([C@@H]([C@H]3O)O)O)CO)))","CHEBI:136775*PUBCHEM:7573796 | CHEBI:90258*PUBCHEM:111141","EC-2.3.1 | EC-2.4.1.35","1-naphthol glucoside + malonyl-CoA  ->  1-naphthol 6'-O-malonylglucoside + coenzyme A | 1-naphthol + UDP-alpha-D-glucose  ->  1-naphthol glucoside + UDP + H+ | 2-naphthol glucoside + malonyl-CoA  ->  2-naphthol 6'-O-malonylglucoside + coenzyme A | 2-naphthol + UDP-alpha-D-glucose  ->  2-naphthol glucoside + UDP + H+","PWY-6930","phenolic malonylglucosides biosynthesis"
"Compound_1482","Oxypurinol","C5H4N4O2","152.032760","XANTHINE","xanthine","C12(NC(=O)NC(C(\\N=C/N1)=2)=O)","REFMET:Xanthine*BIGG:34825*BIGG:xan*DRUGBANK:DB02134*METABOLIGHTS:MTBLC17712*HMDB:HMDB00292*CHEMSPIDER:1151*PUBCHEM:1188*CHEBI:17712*LIGAND-CPD:C00385*CAS:69-89-6","EC-1.17.1.4 | EC-3.5.4.3 | EC-3.2.2.1","xanthine + NAD+ + H2O  ->  urate + NADH + H+ | guanine + H+ + H2O  ->  ammonium + xanthine | xanthosine + H2O  ->  D-ribofuranose + xanthine | hypoxanthine + NAD+ + H2O  ->  xanthine + NADH + H+","PWY-6607 | PWY-6606 | PWY-6596","guanosine nucleotides degradation I | guanosine nucleotides degradation II | adenosine nucleotides degradation I"
"Compound_1483","p-Coumaraldehyde-isoform1","C9H8O2","148.051620","COUMARALDEHYDE","4-coumaraldehyde","C(=O)/C=C/C1(\\C=C/C(/O)=C\\C=1)","REFMET:(E)-3-(4-Hydroxyphenyl)-2-propenal*CHEBI:28353*CHEBI:278852*METABOLIGHTS:MTBLC28353*HMDB:HMDB40986*CHEBI:75313*CHEMSPIDER:556592*PUBCHEM:641301*LIGAND-CPD:C05608","EC-1.1.1.195 | EC-1.2.1.44","4-coumaraldehyde + NADPH + H+  ->  4-coumaryl alcohol + NADP+ | (E)-4-coumaroyl-CoA + NADPH + H+  ->  4-coumaraldehyde + coenzyme A + NADP+","PWY-361","phenylpropanoid biosynthesis"
"Compound_1500","Pedicellin","C20H22O6","358.140120","CPD-8912 | CPD-8906 | CPD-8905","(-)-matairesinol | (-)-pinoresinol | (+)-pinoresinol","COC3(\\C(\\O)=C/C=C(C[C@@H]2([C@@H](CC1(\\C=C(C(/O)=C\\C=1)\\OC))C(=O)OC2))\\C=3) | COC1(\\C(\\O)=C/C=C(/C=1)/[C@@H]4(OC[C@H]3([C@H](C2(\\C=C/C(/O)=C(/C=2)/OC))OC[C@H]34))) | COC1(/C=C(\\C=C/C(/O)=1)/[C@H]3(OC[C@@H]4([C@@H](C2(\\C=C/C(/O)=C(/C=2)/OC))OC[C@H]34)))","CHEBI:6698*METABOLIGHTS:MTBLC65005*HMDB:HMDB35698*DRUGBANK:DB04200*CHEMSPIDER:106491*CHEBI:65005*PUBCHEM:119205*LIGAND-CPD:C10682 | METABOLIGHTS:MTBLC67245*LIGAND-CPD:C10872*LIGAND-CPD:C20455*CHEBI:67245*PUBCHEM:12309636 | METABOLIGHTS:MTBLC40*CHEBI:40*CHEMSPIDER:66116*PUBCHEM:73399*LIGAND-CPD:C05366","RXN-8681 | RXN-17353 | EC-1.23.1.3 | RXN-8677 | EC-1.23.1.1","(3R,4R)-3,4-bis(4-hydroxy-3-methoxybenzyl)tetrahydro-2-furanol + NAD+  ->  (-)-matairesinol + NADH + H+ | 2 coniferyl alcohol radical  ->  (-)-pinoresinol | (-)-pinoresinol + NADPH + H+  ->  (-)-lariciresinol + NADP+ | 2 coniferyl alcohol radical  ->  (+)-pinoresinol | (+)-pinoresinol + NADPH + H+  ->  (+)-lariciresinol + NADP+","PWY-5466","matairesinol biosynthesis"
"Compound_1664","Scoparone","C11H10O4","206.056930","CPD-9836","scoparone","C1(\\C=C/C2(/C(/O1)=C\\C(\\OC)=C(\\C=2)\\OC))(=O)","","RXN-9272 | RXN-9271","scopoletin  ->  a demethylated methyl donor + scoparone | isoscopoletin  ->  a demethylated methyl donor + scoparone","PWY-5868","simple coumarins biosynthesis"
"Compound_1666","Scopoletin-isoform2","C10H8O4","192.041290","SCOPOLETIN | CPD-9831","scopoletin | isoscopoletin","COC2(/C=C1(\\C=C/C(OC/1=C/C(/O)=2)=O)) | C1(\\C=C/C2(/C(/O1)=C\\C(\\OC)=C(\\C=2)\\O))(=O)","REFMET:Scopoletin*METABOLIGHTS:MTBLC17488*HMDB:HMDB34344*CHEMSPIDER:4444113*PUBCHEM:5280460*CHEBI:17488*LIGAND-CPD:C01752*NCI:405647 | ","RXN-9272 | RXN-9273 | EC-2.4.1.128 | RXN-14072 | EC-2.1.1 | RXN-12350 | RXN-9263 | RXN-9270 | RXN-9271 | RXN-9274 | RXN-9265 | RXN-9289","scopoletin  ->  a demethylated methyl donor + scoparone | scopoletin  ->  ayapin | UDP-alpha-D-glucose + scopoletin  ->  scopolin + UDP + H+ | (Z)-6'-hydroxyferulate  ->  scopoletin | S-adenosyl-L-methionine + esculetin  ->  scopoletin + S-adenosyl-L-homocysteine + H+ | trans-6-hydroxyferuloyl-CoA  ->  scopoletin + coenzyme A | S-adenosyl-L-methionine + esculetin  ->  a demethylated methyl donor + scopoletin + S-adenosyl-L-homocysteine | 2-hydroxyferulate  ->  scopoletin | isoscopoletin  ->  a demethylated methyl donor + scoparone | isoscopoletin  ->  ayapin | herniarin  ->  isoscopoletin | esculetin  ->  a demethylated methyl donor + isoscopoletin","PWY-5868 | PWY-7186 | PWY-7398 | PWY-6792","simple coumarins biosynthesis | superpathway of scopolin and esculin biosynthesis | coumarins biosynthesis (engineered) | scopoletin biosynthesis"
"Compound_1667","Scopoletin-isoform3","C10H8O4","192.041300","SCOPOLETIN | CPD-9831","scopoletin | isoscopoletin","COC2(/C=C1(\\C=C/C(OC/1=C/C(/O)=2)=O)) | C1(\\C=C/C2(/C(/O1)=C\\C(\\OC)=C(\\C=2)\\O))(=O)","REFMET:Scopoletin*METABOLIGHTS:MTBLC17488*HMDB:HMDB34344*CHEMSPIDER:4444113*PUBCHEM:5280460*CHEBI:17488*LIGAND-CPD:C01752*NCI:405647 | ","RXN-9272 | RXN-9273 | EC-2.4.1.128 | RXN-14072 | EC-2.1.1 | RXN-12350 | RXN-9263 | RXN-9270 | RXN-9271 | RXN-9274 | RXN-9265 | RXN-9289","scopoletin  ->  a demethylated methyl donor + scoparone | scopoletin  ->  ayapin | UDP-alpha-D-glucose + scopoletin  ->  scopolin + UDP + H+ | (Z)-6'-hydroxyferulate  ->  scopoletin | S-adenosyl-L-methionine + esculetin  ->  scopoletin + S-adenosyl-L-homocysteine + H+ | trans-6-hydroxyferuloyl-CoA  ->  scopoletin + coenzyme A | S-adenosyl-L-methionine + esculetin  ->  a demethylated methyl donor + scopoletin + S-adenosyl-L-homocysteine | 2-hydroxyferulate  ->  scopoletin | isoscopoletin  ->  a demethylated methyl donor + scoparone | isoscopoletin  ->  ayapin | herniarin  ->  isoscopoletin | esculetin  ->  a demethylated methyl donor + isoscopoletin","PWY-5868 | PWY-7186 | PWY-7398 | PWY-6792","simple coumarins biosynthesis | superpathway of scopolin and esculin biosynthesis | coumarins biosynthesis (engineered) | scopoletin biosynthesis"
"Compound_1685","Sinapyl aldehyde-isoform1","C11H12O4","208.072640","SINAPALDEHYDE","sinapaldehyde","COC1(/C=C(/C=C/C=O)/C=C(C(\\O)=1)/OC)","REFMET:Sinapoyl aldehyde*METABOLIGHTS:MTBLC27949*CHEMSPIDER:4444359*CHEBI:27949*PUBCHEM:5280802*LIGAND-CPD:C05610","EC-1.2.1 | EC-2.4.1 | EC-1.1.1.195 | EC-2.1.1.68","sinapaldehyde + NADP+ + H2O  ->  sinapate + NADPH + 2 H+ | UDP-alpha-D-glucose + sinapaldehyde  ->  sinapaldehyde glucoside + UDP + H+ | sinapaldehyde + NADPH + H+  ->  sinapyl alcohol + NADP+ | S-adenosyl-L-methionine + 5-hydroxy-coniferaldehyde  ->  S-adenosyl-L-homocysteine + sinapaldehyde + H+","PWY-5168 | PWY-83 | PWY-361","ferulate and sinapate biosynthesis | monolignol glucosides biosynthesis | phenylpropanoid biosynthesis"
"Compound_1749","Testosterone 17-Undecanoate","C30H48O3","456.358630","CPD-14496","ursolate","C[C@H]5([C@H](C)[C@@H]2([C@@](C(O)=O)(CC[C@@]3(C)([C@]1(C)(CC[C@H]4([C@](C)(C)[C@@H](O)CC[C@](C)([C@H]1C\\C=C2/3)4))))CC5))","METABOLIGHTS:MTBLC9908*HMDB:HMDB02395*CHEBI:9908*KNAPSACK:C00003558*LIGAND-CPD:C08988*PUBCHEM:64945","RXN-13502","ursolic aldehyde + a reduced [NADPH-hemoprotein reductase] + oxygen  ->  ursolate + an oxidized [NADPH-hemoprotein reductase] + H2O","PWY-7068","ursolate biosynthesis"
"Compound_1781","trans-Ferulic acid","C10H10O4","194.057040","5-HYDROXY-CONIFERALDEHYDE","5-hydroxy-coniferaldehyde","COC1(\\C(\\O)=C(C=C(/C=C/C=O)/C=1)\\O)","CHEBI:31134*CHEMSPIDER:4445308*PUBCHEM:5282094*LIGAND-CPD:C12204","EC-2.1.1.68 | EC-1.14.14","S-adenosyl-L-methionine + 5-hydroxy-coniferaldehyde  ->  S-adenosyl-L-homocysteine + sinapaldehyde + H+ | coniferaldehyde + a reduced [NADPH-hemoprotein reductase] + oxygen  ->  5-hydroxy-coniferaldehyde + an oxidized [NADPH-hemoprotein reductase] + H2O","PWY-361 | PWY-5168","phenylpropanoid biosynthesis | ferulate and sinapate biosynthesis"
"Compound_1803","Undulatoside A","C16H18O9","354.093550","SCOPOLIN","scopolin","COC2(\\C(\\O[C@H]1([C@@H]([C@H]([C@H](O)[C@@H](CO)O1)O)O))=C/C3(OC(\\C=C/C(/C=2)=3)=O))","PUBCHEM:439514*CHEBI:16065*METABOLIGHTS:MTBLC16065*CHEBI:9058*CHEMSPIDER:307225*PUBCHEM:346340*LIGAND-CPD:C01527*NCI:404560*CAS:531-44-2","EC-2.4.1.128","UDP-alpha-D-glucose + scopoletin  ->  scopolin + UDP + H+","PWY-7186","superpathway of scopolin and esculin biosynthesis"
"Compound_1811","Uric acid","C5H4N4O3","168.027560","URATE","urate","C12(NC(=O)NC(C(=O)NC(=O)N1)=2)","REFMET:Uric acid*BIGG:urate*METABOLIGHTS:MTBLC17775*HMDB:HMDB00289*DRUGBANK:DB01696*BIGG:34768*|Wikipedia|:Uric_acid*PUBCHEM:44229235*CHEBI:17775*LIGAND-CPD:C00366*CAS:69-93-2","EC-1.7.3.3 | EC-1.17.1.4","urate + oxygen + H2O  ->  (S)-5-hydroxyisourate + hydrogen peroxide | xanthine + NAD+ + H2O  ->  urate + NADH + H+","PWY-5691 | PWY-6607 | PWY-6606 | PWY-6596","urate conversion to allantoin I | guanosine nucleotides degradation I | guanosine nucleotides degradation II | adenosine nucleotides degradation I"
"Compound_1821","Vanillin","C8H8O3","152.046520","CPD-6442","methylsalicylate","COC(C1(/C=C\\C=C/C(/O)=1))=O","CHEBI:278495*METABOLIGHTS:MTBLC31832*HMDB:HMDB34172*CHEMSPIDER:13848808*CHEBI:31832*PUBCHEM:4133*LIGAND-CPD:C12305","EC-3.1.1.1 | EC-2.1.1.274","methylsalicylate + H2O  ->  salicylate + methanol + H+ | S-adenosyl-L-methionine + salicylate  ->  methylsalicylate + S-adenosyl-L-homocysteine","PWY18C3-24 | PWY18C3-22 | PWY-4203","methylsalicylate degradation | methylsalicylate biosynthesis | volatile benzenoid biosynthesis I (ester formation)"
